{
  "name": "deadlock-stacking-crating-bobs",
  "version": "0.0.7",
  "factorio_version": "0.16",
  "title": "Deadlock's Crating and Stacking for Bob's mods",
  "author": "OhShiny",
  "homepage": "",
  "dependencies": ["base", "? bobplates", "? bobores", "? Clowns-Extended-Minerals", "? Clowns-Nuclear", "? angelsrefining", "? angelssmelting", "? DeadlockStacking", "? DeadlockCrating"],
  "description": "Adds recipes for stacking & crating ores, ingots, plates and intermediates from Bob's, Angel's and Clown's Mods"
}
