{
	"name": "MoreSciencePacks",
	"version": "0.0.36",
	"title": "MSP - 30 new Science Packs",
	"author": "DellAquila, usafphoenix",
	"factorio_version": "0.16",
	"description": "Play with 30 new science packs and a new technology tree (if omniLib enabled) that adds efficiency tech to the various science packs. This mod is not an extension to lovely_santa's mod by a similar name. It adds 30 science packs but they are all pretty inexpensive. A TON of customization exists for the mod and individual packs can be disabled. Mod integration engine designed to add pack types to entire tech tree (only applies to technology that can be traced back to vanilla tech). Optional inclusion of omniLib enables new tech tree that unlocks various levels of efficiency tiers for each pack that will auto-update machines when research completes.",	
	"dependencies": ["base >= 0.16.47","? omnilib >= 2.0.44", "? aai-industry >= 0.2.3", "? AllAboutMoney >= 0.0.2", "? angelsrefining >= 0.9.11", "? angelspetrochem >= 0.7.8", "? angelssmelting >= 0.4.4", "? boblogistics >= 0.16.22", "? bobmodules >= 0.16.0", "? bobplates >= 0.16.4", "? bobelectronics >= 0.16.0", "? Dp77s-FactorioPlus-Advanced-Tech >= 2.7.5", "? Dp77s-FactorioPlus-Hyper-Logistic >= 1.7.1", "? Dp77s-FactorioPlus-Machines >= 2.3.0", "? Space-Chests >= 0.16.004", "? omnimatter >= 2.0.19", "? Bio_Industries >= 2.6.3", "? dark-matter-replicators >= 0.7.9", "? omnimatter_science >= 2.0.4", "? morebobs >= 0.16.49", "? DeadlockCrating >= 1.3.0", "? bobtech >= 0.16.6", "? bobrevamp >= 0.16.2", "? 5dim_battlefield >=0.16.9", "? SeaBlock"]
}