{
  "name": "MomoTweak",
  "version": "0.16.21",
  "factorio_version": "0.16",
  "title": "Momo +(30)Science Mod",
  "author": "Momosundeass",
  "contact": "",
  "homepage": "",
  "description": "Add more complex crafting for science compatible with Bob's Angel's +30 new Science Pack mod && Tweak for some mod",
  "dependencies": ["base >= 0.16.0",
  "boblibrary >= 0.16.6",
  "bobassembly >= 0.16.1",
  "bobelectronics >= 0.16.0",
  "boblogistics >= 0.16.23",
  "bobmining >= 0.16.0",
  "bobmodules >= 0.16.0",
  "bobores >= 0.16.2",
  "bobplates >= 0.16.4",
  "bobpower >= 0.16.8",
  "bobrevamp >= 0.16.3",
  "bobtech >= 0.16.6",
  "bobwarfare >= 0.16.7",
  
  "? bobvehicleequipment >= 0.16.2",
  "? bobinserters >= 0.16.8",
  "? bobenemies >= 0.16.0",
  
  "? MoreSciencePacks >= 0.0.16",
  "? angelspetrochem >= 0.7.12",
  "? angelsrefining >= 0.9.13",
  "? angelssmelting >= 0.4.6",
  "? angelsindustries >= 0.1.0",
  "? Clowns-Processing >= 1.2.8",
  "? pycoalprocessing >= 1.0.10",
  "? pyfusionenergy >= 1.0.7",
  "? pyhightech >= 1.0.9",
  "? PyCoalTBaA >= 0.0.23",
  "? Bio_Industries >= 2.6.11",
  "? aai-industry >= 0.2.4",
  "? Texugo_windgenerator >= 0.0.8",
  "? LB-Modular-Chests >= 0.16.6",
  "? underground-pipe-pack >= 0.16.64",
  "? ShinyIcons >= 0.16.20"
  ]
}
