{
	"name": "MoreSciencePacks",
	"version": "0.0.25",
	"title": "More Science Packs - 30 new Science Packs",
	"author": "DellAquila, usafphoenix",
	"factorio_version": "0.16",
	"description": "Play in Vanilla with this 30 new science packs and a new technology tree. The mod has 30 more science packs to encourage the use and enhancement of sushi belts or just robots. Basically you have to build everything that the game offers. If you are a modder and want to use this mod in yours, feel free, it's public domain. Edited by usafphoenix for compatibility with Angels, bobs, clowns mods, and others. Optional New function checks entire tech tree to add science to available technology according to game progression.",
	"dependencies": ["base >= 0.16.47", "? aai-industry >= 0.2.3", "? AllAboutMoney >= 0.0.2", "? angelsrefining >= 0.9.11", "? angelspetrochem >= 0.7.8", "? angelssmelting >= 0.4.4", "? boblogistics >= 0.16.22", "? bobmodules >= 0.16.0", "? bobplates >= 0.16.4", "? bobelectronics >= 0.16.0", "? Dp77s-FactorioPlus-Advanced-Tech >= 2.7.5", "? Dp77s-FactorioPlus-Hyper-Logistic >= 1.7.1", "? Dp77s-FactorioPlus-Machines >= 2.3.0", "? Space-Chests >= 0.16.004", "? omnimatter >= 2.0.19", "? Bio_Industries >= 2.6.3", "? dark-matter-replicators >= 0.7.9", "? omnimatter_science >= 2.0.4", "? morebobs >= 0.16.49", "? DeadlockCrating >= 1.3.0", "? bobtech >= 0.16.6", "? bobrevamp >= 0.16.2", "? 5dim_battlefield >=0.16.9"]
}